test_id,name,execution_time,status,retries,timestamp,is_flaky
96d546f8-a573-4466-89a1-b9fc08c2eabc,test_case_11,2.432893381838239,pass,0,2025-03-31 16:03:10.178938,0
9fad193b-0b42-4552-ad2f-10411ea1210e,test_case_4,6.842375990019006,fail,3,2025-03-31 16:03:10.179004,0
d202dc48-2cc2-42c5-9bf5-9939ae20a399,test_case_87,6.844396180027908,pass,0,2025-03-26 16:03:10.179043,0
25281d52-fbe6-409b-871c-f95d386d98a6,test_case_50,6.403291629338749,pass,0,2025-03-20 16:03:10.179070,0
7a8c05ad-0115-4e18-9a01-0fdcb84b2cbb,test_case_36,8.889057418567537,pass,0,2025-03-02 16:03:10.179099,0
5715ecfa-d0e1-4539-852d-4a380e17eba5,test_case_85,3.596091958228444,pass,0,2025-03-22 16:03:10.179123,0
0f95393b-bc07-4f0d-af44-e95627aa7777,test_case_8,4.559579475226184,pass,0,2025-03-17 16:03:10.179145,0
2852299d-00f4-496c-9679-441b52ec479f,test_case_26,5.01315930968923,pass,0,2025-03-03 16:03:10.179166,0
dbe15a1a-56e6-4a0f-99fc-702b3fd8e9b0,test_case_97,7.860786848878078,pass,0,2025-03-16 16:03:10.179188,1
1960cee7-a66d-4b3e-bec3-718d5b39dd1c,test_case_82,3.785760978411373,pass,0,2025-03-16 16:03:10.179208,0
ebb49527-9fe2-4aef-aeec-a5acf8d753f9,test_case_98,4.205552041696307,pass,0,2025-03-23 16:03:10.179228,0
45aecd92-1bf9-4857-b4d5-2d7558f2add7,test_case_26,4.391237209533394,pass,0,2025-03-26 16:03:10.179248,1
0994d540-6d45-4852-aef7-5969ff2e9a61,test_case_26,8.003163383690735,fail,3,2025-03-27 16:03:10.179271,0
60d2ab87-bbd8-41b2-92ac-fd9f37c9de55,test_case_18,6.324734088202176,pass,0,2025-03-09 16:03:10.179292,0
78460c91-1a67-4b24-85f7-ec229056ea05,test_case_88,4.3701449014778015,pass,0,2025-03-14 16:03:10.179313,0
104c9316-7e1a-4d20-a1a6-da8083453a82,test_case_22,4.050373215418392,pass,0,2025-03-08 16:03:10.179332,0
c02c3e82-3738-4510-bf1e-ede0184c86ee,test_case_87,2.864773279556117,fail,1,2025-03-13 16:03:10.179379,0
9b063993-e74b-4283-b465-d0539a7f769c,test_case_79,3.307844915624188,pass,0,2025-03-07 16:03:10.179402,0
74ce326a-e475-409e-9db0-4bade9838e9c,test_case_92,3.831077384163865,fail,2,2025-03-18 16:03:10.179422,0
bfc695bf-f0f1-464a-a818-33096cff394e,test_case_9,6.2472457982351335,pass,0,2025-03-12 16:03:10.179462,0
eed8b1b7-e528-41c9-8308-131bd7ef2450,test_case_43,8.689462303503939,pass,0,2025-03-09 16:03:10.179487,0
8feb7afc-6d02-4d84-8fb4-26959e67d19a,test_case_61,4.992930109331634,pass,0,2025-03-25 16:03:10.179520,0
7c26514b-661d-464b-8538-9257a38423dd,test_case_67,5.99692385883461,pass,0,2025-03-24 16:03:10.179564,0
7121c694-909b-43b8-a5a0-604c4d857316,test_case_4,5.44389014441924,pass,0,2025-03-21 16:03:10.179597,0
929876c7-5fc7-4452-b803-186b3fa31d90,test_case_42,5.1589344855728685,pass,0,2025-03-21 16:03:10.179640,0
946131f1-5508-4094-b61f-6ee4d486920f,test_case_61,3.905120243759295,pass,0,2025-03-02 16:03:10.179671,0
0b6d19d4-f573-4c28-895a-983a241f243e,test_case_94,4.233970963743862,fail,2,2025-03-17 16:03:10.179731,0
41b21058-2fc1-4914-8715-e64baa6935a3,test_case_25,3.219165150460846,fail,1,2025-03-24 16:03:10.179763,0
3af94d4a-748d-4cc7-8038-819d15a5471f,test_case_56,5.288495690600843,pass,0,2025-03-04 16:03:10.179795,0
e2e4c36a-e24d-4f80-b708-f8cdaf87ac73,test_case_93,5.745568512928144,fail,1,2025-03-06 16:03:10.179823,0
77c6b2fc-a4de-4776-a08c-11344a62841c,test_case_40,5.834737714087503,pass,0,2025-03-23 16:03:10.179851,0
dc60f6de-d183-4da5-8c25-e9abe594cdee,test_case_10,2.0650712546349776,pass,0,2025-03-13 16:03:10.179879,0
57772f0c-3cf9-4aaf-9a2f-a08f4f823a50,test_case_82,6.200459606978208,pass,0,2025-03-30 16:03:10.179908,0
c87e1fc5-9ae8-4a47-bfc4-5eb57f652d6a,test_case_96,4.561829907497335,pass,0,2025-03-04 16:03:10.179936,0
c4ae47d4-a0f8-420b-80e2-e2650cbbd64c,test_case_35,2.7996913474344107,pass,0,2025-03-28 16:03:10.179965,0
41d3eeb1-26d5-45d4-af85-d0bf02d4d59e,test_case_59,2.78146495199099,pass,0,2025-03-15 16:03:10.179991,0
f9ae9a65-cf49-423d-8a3c-f985e04b847e,test_case_87,4.652274454034334,pass,0,2025-03-08 16:03:10.180019,0
2f634c03-5aa5-4ec7-be2c-61dab9c34714,test_case_90,4.514501260102316,pass,0,2025-03-26 16:03:10.180047,0
c231dd55-5a7c-491a-8079-5614dc891d3e,test_case_18,5.937366401309421,pass,0,2025-03-10 16:03:10.180076,0
bf7bd1a4-4898-4152-bdab-5c6b4d61acee,test_case_8,5.359776284421472,pass,0,2025-03-03 16:03:10.180102,0
f7b625be-c5ef-4bbb-8239-eedaa4542d90,test_case_25,1.303966358150697,fail,0,2025-03-24 16:03:10.180132,0
0c07cb98-fa34-4c5d-a4e9-7b10cbf17a24,test_case_96,7.34821686351275,pass,0,2025-03-04 16:03:10.180158,0
8f14f813-274b-4460-af5f-2a197726e6e1,test_case_81,1.3579221177539536,pass,0,2025-03-22 16:03:10.180186,0
c63f9203-a074-46ea-988e-4ed30f40efb0,test_case_77,6.802758160973544,fail,2,2025-03-11 16:03:10.180214,0
9f4c26e2-85f7-4253-b241-0de27351d706,test_case_75,3.2564210470763006,fail,3,2025-03-15 16:03:10.180243,1
5dc3abae-2d8f-47c6-ac64-514e4bc6f125,test_case_43,5.918332380065578,pass,0,2025-03-31 16:03:10.180267,0
7307d8bb-8e00-482f-a769-f677872b23de,test_case_56,6.65502375990204,pass,0,2025-03-22 16:03:10.180295,0
48685047-b31c-4071-877e-c2ab231c8d24,test_case_73,1.897139188044691,pass,0,2025-03-03 16:03:10.180331,0
ff17ea38-0a6c-4a32-9846-eae5739dd544,test_case_98,5.737852239851637,pass,0,2025-03-10 16:03:10.180386,0
89fcd962-ebdf-4cec-9352-4bbe5cdf0691,test_case_29,3.9718932832913545,pass,0,2025-03-30 16:03:10.180418,0
b8d671c2-ccbc-43f0-bae0-b86993bc060e,test_case_9,8.068544039896054,fail,0,2025-03-19 16:03:10.180457,0
245faea6-20f6-4d68-908e-9e344d837554,test_case_51,6.626696632075284,pass,0,2025-03-28 16:03:10.180492,0
f7d67b24-77b6-4a45-bbc0-843746815a3a,test_case_49,5.076375329339202,pass,0,2025-03-22 16:03:10.180526,0
e360e6f7-50bc-49a6-8813-2846b5d60156,test_case_86,5.149585424084231,pass,0,2025-03-23 16:03:10.180562,0
6f227632-e6a2-4540-9215-da932d0f44ae,test_case_69,3.363974882128588,fail,3,2025-03-25 16:03:10.180598,0
773f7a53-f5bb-47c7-9b60-cff3445b19ef,test_case_76,0.6297123927768071,fail,0,2025-03-18 16:03:10.180632,0
4ea7ad29-6f53-47a5-9554-0fb58970be50,test_case_17,4.04322168400618,pass,0,2025-03-16 16:03:10.180665,0
c89d4150-8421-4dbe-96a6-fef7779b634c,test_case_7,5.376694278974053,pass,0,2025-03-14 16:03:10.180700,0
b49f4ff7-7de4-4e01-8ae0-f08f56cd46d7,test_case_4,3.5581385021276493,pass,0,2025-03-10 16:03:10.180735,0
c6405e78-8170-48f8-99f6-f2f49fa6beb2,test_case_84,5.624320522940143,pass,0,2025-03-17 16:03:10.180769,0
c0900f33-ed3e-4877-93be-f3d1e551ab09,test_case_19,9.621869137778546,pass,0,2025-03-10 16:03:10.180802,0
66836c87-17ef-4681-99f1-6a0e8e60c3e2,test_case_11,6.7986041900519885,fail,0,2025-03-20 16:03:10.180836,0
9ada7e54-40b3-4f6e-9d9c-95140529e358,test_case_72,0.7161595556569349,pass,0,2025-03-25 16:03:10.180869,0
43b72af1-8f71-45dd-b1d1-0467fe9ec2ec,test_case_36,4.481438825376904,pass,0,2025-03-20 16:03:10.180899,0
4ce19e90-a507-47df-8d89-ab49625fdd2c,test_case_6,4.142925932621985,fail,2,2025-03-06 16:03:10.180935,0
40e62d05-5840-4b4b-93e2-29178ba510fa,test_case_69,8.686886328032092,pass,0,2025-03-02 16:03:10.180969,1
ba70abe5-dd03-4644-bf5a-d1e3ccd38c83,test_case_3,2.2632771485553067,pass,0,2025-03-13 16:03:10.181002,0
0a26c2ab-e657-47f9-a79f-17bdf6d8b7e5,test_case_55,6.317370021998544,pass,0,2025-03-21 16:03:10.181045,0
adaea14b-4b1e-4e41-81da-b6cf022da57e,test_case_50,6.889172239609685,fail,1,2025-03-12 16:03:10.181082,0
3c2b779e-4dc0-4a3c-ae5a-af31e3db3e80,test_case_66,7.470230322974682,pass,0,2025-03-31 16:03:10.181115,0
4fd110b3-2a67-4d4f-8cac-13b39e4c3a6e,test_case_53,4.085936315063542,pass,0,2025-03-21 16:03:10.181148,0
f94dd694-e739-44af-b727-874e2661c372,test_case_36,6.380772803622514,pass,0,2025-03-27 16:03:10.181178,0
ee2501f0-6fd1-4f39-8aa5-6d7e7a98d652,test_case_16,3.004356731964637,pass,0,2025-03-16 16:03:10.181213,0
16cd2ece-0aa6-4a14-b244-46c6393d62d1,test_case_69,1.9242159285851372,fail,0,2025-03-26 16:03:10.181247,0
3d895277-2363-4e55-9c5b-f817163a6ec9,test_case_98,0.297195946965191,pass,0,2025-03-28 16:03:10.181279,0
f907e07f-6c33-4ae7-afd8-45aef1ea6242,test_case_90,2.971052570048537,pass,0,2025-03-10 16:03:10.181310,0
d6247f6c-65ab-4bcb-bacf-69a570574f3e,test_case_96,4.417241988034574,fail,1,2025-03-04 16:03:10.181362,1
e775b432-486b-4560-8cc9-842f562d29f6,test_case_8,5.366782281680438,pass,0,2025-03-15 16:03:10.181401,0
fec6c2ab-0000-4d3d-8183-8bfd98c60b0f,test_case_3,5.883524140962333,pass,0,2025-03-01 16:03:10.181432,0
0f6a0ff4-a374-473e-9350-a2f46efd6dc8,test_case_95,4.610710645900193,pass,0,2025-03-08 16:03:10.181466,0
e8452750-5327-4f9b-9676-7b2bfd628de0,test_case_93,3.824989742066955,pass,0,2025-03-27 16:03:10.181498,0
a79e0a26-5629-481c-999f-50a8623def1e,test_case_20,6.230880909275832,pass,0,2025-03-05 16:03:10.181530,0
639b4e17-2b20-46a6-ae97-ea3bbc5f65af,test_case_91,4.5526503329028944,pass,0,2025-03-25 16:03:10.181562,0
66d97728-9f25-4a47-8731-4bcd0395406c,test_case_16,6.61484527665391,fail,3,2025-03-05 16:03:10.181593,0
c40c95cc-ca83-479a-93ee-dfc6507c98c3,test_case_76,3.971563844897839,pass,0,2025-03-11 16:03:10.181624,0
c91ac7a6-ba99-4a98-ae05-0d56d77a588f,test_case_1,4.145578351458666,pass,0,2025-03-31 16:03:10.181655,1
e07e2a70-1423-43be-b9d3-1a022288ab8e,test_case_90,5.116075848117287,pass,0,2025-03-13 16:03:10.181686,0
386dc06b-a7e3-4c05-ba16-cdd82237483d,test_case_88,4.476336706000294,pass,0,2025-03-31 16:03:10.181718,0
bd7d10c6-7f5c-4c2d-853c-14cddd7a97fe,test_case_18,2.796049406125272,pass,0,2025-03-04 16:03:10.181750,0
b3ce9413-d7d1-4d44-b0aa-1d1d6355204f,test_case_91,4.127629356577383,pass,0,2025-03-24 16:03:10.181789,0
a82d6171-30da-4462-b61b-ae7de43bd63f,test_case_99,4.843695339447097,pass,0,2025-03-24 16:03:10.181824,0
6a47c796-a696-4738-9268-22acbb1a12f9,test_case_32,4.846681546158189,pass,0,2025-03-25 16:03:10.181852,0
e0013092-e0b6-45c6-a7ff-93176f75a874,test_case_26,3.047839291253415,fail,2,2025-03-13 16:03:10.181883,0
34592103-5bf8-485e-b98a-bad5d81bfc4d,test_case_37,4.376439935719491,pass,0,2025-03-26 16:03:10.181910,1
fc11c3f8-d9ea-48b9-87f4-4b5bc899f905,test_case_42,5.750215307941296,pass,0,2025-03-06 16:03:10.181944,0
4942af1c-b93e-4313-ab8f-92cce91847e9,test_case_25,5.52983306862931,fail,2,2025-03-28 16:03:10.181979,1
b12c4582-431f-4dc7-b642-762bc7813b64,test_case_14,5.780944157924622,pass,0,2025-03-26 16:03:10.182011,0
a9724478-24ce-4ea0-9db1-4b93f401f9d2,test_case_2,1.9508621741206424,pass,0,2025-03-20 16:03:10.182037,0
856df986-7989-46c9-8d2c-a4511751c16b,test_case_40,0.4745273856543299,pass,0,2025-03-04 16:03:10.182063,0
edc72c2d-2725-497b-9f0e-2888775b7868,test_case_71,0.4975958069368733,fail,1,2025-03-01 16:03:10.182090,0
e4319b99-3791-4e8e-b0bd-242b9dbdb26e,test_case_94,8.382014339205819,pass,0,2025-03-17 16:03:10.182120,0
7f95f76a-0dda-482d-92ea-ffd29dd07471,test_case_71,2.6600991725462664,fail,3,2025-03-06 16:03:10.182150,0
c7665297-3924-49d7-8af2-cf311dd94cf7,test_case_40,3.3516046570747555,pass,0,2025-03-15 16:03:10.182183,0
962abd0d-6590-479d-8376-a8ad1d7f1453,test_case_93,2.3044541594740005,pass,0,2025-03-19 16:03:10.182216,0
63fa25f0-6389-4b8f-bfd9-12015ac544d7,test_case_36,6.247332623363009,pass,0,2025-03-28 16:03:10.182248,0
9504b9df-9763-43b5-93c2-123122574edc,test_case_93,5.420586541226313,pass,0,2025-03-08 16:03:10.182274,1
ddaff3db-4052-4de9-b091-4e2ec9075f89,test_case_29,6.814772035307133,pass,0,2025-03-18 16:03:10.182294,0
7691ab90-43a5-4d53-9eb6-30565c354b40,test_case_95,5.816775735100767,fail,0,2025-03-18 16:03:10.182314,0
fc4161eb-e43b-47f0-9d86-decd0dcdb29f,test_case_2,3.5655457229702234,pass,0,2025-03-26 16:03:10.182351,0
e48a8593-a22a-4b3b-9e5c-6f25a35a7f80,test_case_30,4.45142794600473,pass,0,2025-03-01 16:03:10.182378,1
74bb06b1-2cf6-4ae8-b746-1a2941239517,test_case_87,2.88640355239975,pass,0,2025-03-10 16:03:10.182398,0
8ec7d3de-6c22-404f-9f5c-e31086841c03,test_case_3,7.587789745436746,pass,0,2025-03-31 16:03:10.182444,0
d49ece00-258a-475b-9334-60fb8dacd569,test_case_64,8.294917296926533,fail,3,2025-03-13 16:03:10.182467,1
0025ec1a-16cc-433a-9b39-fc0979d4f9a5,test_case_4,8.01579489169977,pass,0,2025-03-01 16:03:10.182494,1
0a88cc5d-3c78-444c-9acb-9c2c86e04749,test_case_43,4.019010866656888,pass,0,2025-03-03 16:03:10.182515,0
2c926a59-0c2e-480e-a6cf-4e4abf3e9580,test_case_93,4.086120664227777,pass,0,2025-03-19 16:03:10.182545,0
920aafba-d632-487c-8fe3-0a9575fb86b6,test_case_65,5.636118085627194,fail,2,2025-03-09 16:03:10.182566,0
77edf30e-3720-403d-9524-6bacc1f23b37,test_case_20,3.84568138858777,pass,0,2025-03-08 16:03:10.182586,0
bddc54a4-92da-4722-ad9c-5ad3e3f93861,test_case_32,8.874735402146506,pass,0,2025-03-22 16:03:10.182610,0
6d4e3f70-4e1f-4683-bf52-097d480a116c,test_case_50,6.795410891799326,pass,0,2025-03-10 16:03:10.182629,0
c8774af9-369e-46b6-9871-2997feddffd9,test_case_87,2.54845208209386,pass,0,2025-03-14 16:03:10.182649,0
f0cd43d0-1734-4742-b4c9-78764c21fcaa,test_case_44,2.7577912845568187,pass,0,2025-03-23 16:03:10.182669,0
f2fec5c8-4187-49ae-991e-ab43fb3646bf,test_case_52,8.335702324918408,pass,0,2025-03-11 16:03:10.182692,0
4f0e23fa-9e3d-427e-ad06-4e9ad870896b,test_case_12,3.9094599314039296,pass,0,2025-03-25 16:03:10.182711,0
46d20472-7b42-414c-9db8-f6f9a16c9987,test_case_6,3.474177159586321,pass,0,2025-03-09 16:03:10.182729,0
490ec2e0-84b3-4e81-b383-14e6267d5c4d,test_case_11,6.432309972566316,pass,0,2025-03-13 16:03:10.182747,0
4e1e99cd-5285-4776-9139-b8116c3cd3de,test_case_10,2.633310885301545,pass,0,2025-03-30 16:03:10.182765,0
25c181f1-4d26-45cf-802d-ba8924f96da0,test_case_97,1.7072895507114008,pass,0,2025-03-19 16:03:10.182783,0
7b063a5e-8a8e-4c29-850d-f2e6596c1113,test_case_77,5.814725296595843,pass,0,2025-03-25 16:03:10.182813,0
de645fba-dfe3-456f-8b86-a13c0da4326e,test_case_50,7.780708091383182,fail,2,2025-03-23 16:03:10.182834,0
50f0eb5c-f537-4e72-b036-32049615a83e,test_case_17,5.567498176493523,pass,0,2025-03-12 16:03:10.182853,0
3ace93fc-fae7-4ea4-9936-d78d4e7d5f8d,test_case_27,6.253869830086323,pass,0,2025-03-13 16:03:10.182871,0
c0607271-3828-4e3a-bfd0-954a0a75eed0,test_case_48,5.538532305565098,pass,0,2025-03-29 16:03:10.182895,0
93c7978e-6eae-4421-80b5-19e120a38589,test_case_69,6.125647265955204,fail,0,2025-03-12 16:03:10.182915,0
9a59a4c6-205e-4901-8c43-3be22252cefb,test_case_33,4.946734287830065,pass,0,2025-03-18 16:03:10.182935,0
08ca23b9-b0bf-4dfc-af6b-e70d9063af38,test_case_21,8.232764801590278,pass,0,2025-03-12 16:03:10.182954,0
4a655109-50bb-4ed8-9dbf-e040e0ab8420,test_case_95,2.0459850644766364,pass,0,2025-03-22 16:03:10.182972,0
9ad1caa8-1970-4696-a623-fdc192f5ed76,test_case_45,4.886848026767611,pass,0,2025-03-15 16:03:10.182989,0
0db9071c-4700-4960-85f3-07bb35980ec1,test_case_56,3.6421074099923474,pass,0,2025-03-26 16:03:10.183010,0
e4373dcf-da74-4583-9d2d-0c27a2430c5e,test_case_35,3.1572606226911635,pass,0,2025-03-23 16:03:10.183029,0
15703be2-0716-40ce-a6a7-b4b05bc211b0,test_case_43,3.5378751648480917,pass,0,2025-03-17 16:03:10.183047,0
5c22ed69-d4aa-45fe-9734-846a3263dbb4,test_case_29,5.946904360067292,pass,0,2025-03-23 16:03:10.183065,0
c9d44e1e-abcb-40d9-bd66-54dcf5231994,test_case_38,7.458487213356385,pass,0,2025-03-25 16:03:10.183083,0
7c5720f5-2279-4d66-bba2-5a7e37f836ec,test_case_58,5.368078632861049,pass,0,2025-03-17 16:03:10.183101,0
9e82b42f-8595-4bb8-94da-c58c97ce0336,test_case_73,7.734293115354244,pass,0,2025-03-28 16:03:10.183118,0
560c0e24-bf59-4e25-85e3-7e3e149e77d4,test_case_25,3.6701842520528807,fail,1,2025-03-31 16:03:10.183138,0
495bcf00-e1b2-4a25-9156-e6491dd58291,test_case_14,8.757840086534632,pass,0,2025-03-31 16:03:10.183156,1
2229a303-968e-47cc-b7fd-b3be057c5d2b,test_case_2,1.9265668036514727,pass,0,2025-03-13 16:03:10.183176,0
9ca0702c-8c3f-4f70-8617-1dee00312c16,test_case_68,7.096349668081366,pass,0,2025-03-07 16:03:10.183195,0
9008e7bd-7962-4f9b-bf0f-42a2cbb6a18c,test_case_26,5.513316405209912,pass,0,2025-03-08 16:03:10.183214,0
03cda9f3-1ed0-4245-b24d-5d2fb004ab59,test_case_38,6.447059246653828,pass,0,2025-03-03 16:03:10.183234,0
200458c6-e02b-42fc-baef-bae154d44486,test_case_1,8.299433096658788,fail,1,2025-03-31 16:03:10.183254,0
bb9e5827-2433-4374-bea4-5c9b89800f8c,test_case_84,5.309494560840538,fail,2,2025-03-10 16:03:10.183274,1
b07fe843-ee82-4bd3-a0c6-b5f2a1dde549,test_case_29,8.154897844267285,pass,0,2025-03-31 16:03:10.183297,0
a0f224b4-8246-4c88-9463-4c7277325261,test_case_23,5.935291356385138,pass,0,2025-03-17 16:03:10.183318,0
1704a210-7513-490e-99c6-a22e4957b8a2,test_case_25,4.014638534755502,pass,0,2025-03-22 16:03:10.183352,0
5bdbe6a2-5add-4630-9a48-96fd188d2777,test_case_10,4.503734474230711,fail,1,2025-03-08 16:03:10.183374,1
6d61dd52-5d46-4944-a7da-e79d9c6e5547,test_case_90,4.74980349058406,pass,0,2025-03-09 16:03:10.183393,0
96a67084-fa12-4e85-91a7-e86fe4af85b0,test_case_94,5.299219263312797,pass,0,2025-03-06 16:03:10.183413,0
76e464a8-8aed-4849-be50-7e185fea0968,test_case_24,4.619710529935446,pass,0,2025-03-11 16:03:10.183432,1
2ad55051-b522-42fd-8e3d-33e575708dab,test_case_56,4.721535335939523,pass,0,2025-03-27 16:03:10.183450,0
39a8e0bc-84b9-4f06-93ba-5da92e5c0933,test_case_88,3.4743785191585808,pass,0,2025-03-28 16:03:10.183468,0
b55c3a77-aa4e-4027-90c7-7485a4780c7d,test_case_23,5.438090784546109,fail,3,2025-03-26 16:03:10.183487,0
5a400bb1-b1d1-48a8-b8b8-a4741fd2ab29,test_case_97,7.209191689016739,fail,3,2025-03-31 16:03:10.183506,1
0187c057-bedc-4032-80c3-2306be561172,test_case_61,7.432710148499644,pass,0,2025-03-10 16:03:10.183525,0
bfb4b124-93c2-4d32-82d6-c6230b801fb4,test_case_96,5.369688235848996,pass,0,2025-03-18 16:03:10.183543,0
209780d7-611d-4b01-ac24-946ce9983e2c,test_case_13,5.219335811246021,pass,0,2025-03-16 16:03:10.183560,0
16dccc89-cf3b-49e6-bb86-381ce5bef9b3,test_case_44,6.3499101029503375,pass,0,2025-03-25 16:03:10.183578,0
9dd0bc23-bf25-4742-877c-07b8690c8089,test_case_100,4.40384027171733,pass,0,2025-03-01 16:03:10.183596,0
30878c28-076d-4258-bf73-005677a8fed4,test_case_45,4.088577180849897,pass,0,2025-03-10 16:03:10.183615,0
0fa5fce0-6e00-40cd-8cd1-074d49b96576,test_case_37,5.338060737989228,fail,3,2025-03-17 16:03:10.183643,0
e38162ba-5249-42e8-9257-a3b591a37ffe,test_case_42,3.2505931040050564,pass,0,2025-03-01 16:03:10.183663,0
c0c544f7-840c-41b5-a705-e42d6ea2d114,test_case_90,6.353472250191,fail,0,2025-03-07 16:03:10.183684,1
b22b2652-f7ae-45bd-af6a-140c5f8c293e,test_case_67,6.641835566423715,pass,0,2025-03-06 16:03:10.183702,0
adfcba43-8df4-41a1-8f6f-4789ae32e9fe,test_case_3,5.882846756636544,pass,0,2025-03-20 16:03:10.183726,0
a6cb6ae6-dba2-459b-831d-5270942121d3,test_case_67,4.022026813271365,pass,0,2025-03-08 16:03:10.183746,0
43579e59-47a7-4992-976b-121c59a19a92,test_case_55,3.809350618025293,pass,0,2025-03-26 16:03:10.183763,1
bb4a70a4-a739-4f19-bb08-41c9723879af,test_case_38,2.3863563237641183,pass,0,2025-03-03 16:03:10.183781,0
ab4e12dc-fbe6-4342-b0f7-67a2f28c403f,test_case_48,0.4399816345619705,pass,0,2025-03-19 16:03:10.183799,0
e380a05f-17cf-4b79-ba39-9edbc5774c67,test_case_13,3.1677077970283487,pass,0,2025-03-09 16:03:10.183817,0
f4797633-2814-4755-8c12-16e503fe9aca,test_case_52,4.652837430473064,pass,0,2025-03-24 16:03:10.183835,0
dcec9aed-3c75-4e32-a7e7-85ede0df647c,test_case_86,4.902449060288226,fail,3,2025-03-07 16:03:10.183853,0
00200163-3574-420f-b9b3-12e130c2db44,test_case_16,5.003042662856003,pass,0,2025-03-07 16:03:10.183873,0
f663363d-a61a-4aed-9f10-de2333c1166c,test_case_69,5.6769222469567495,pass,0,2025-03-02 16:03:10.183891,0
d336de3b-1aa6-420a-953a-b1b35c16f347,test_case_76,10.118986416886177,pass,0,2025-03-02 16:03:10.183909,0
6ec41e73-b9bb-4c94-bd1b-8f40a5a641ed,test_case_21,7.85800769628023,pass,0,2025-03-14 16:03:10.183928,0
c3552147-3a8e-4289-ac6e-1f3989cfbe42,test_case_70,5.709272204521218,pass,0,2025-03-09 16:03:10.183948,0
acdc7b2a-713c-46c7-be07-0bbfe6f6a113,test_case_62,6.720614337482614,pass,0,2025-03-24 16:03:10.183966,0
1bf83c83-5eb5-4411-be16-b0efadd1f9fe,test_case_77,2.818016940376564,fail,2,2025-03-10 16:03:10.183985,0
2d9ca57b-134f-44b7-a073-9b27ce0e57a2,test_case_40,4.9700936744670425,pass,0,2025-03-16 16:03:10.184004,0
d6f1545f-e968-42da-8a84-c66d23175715,test_case_70,5.852520545771943,pass,0,2025-03-27 16:03:10.184022,0
3404d8c9-c689-4cf0-8f75-78f362a9e0c0,test_case_88,2.606688016046132,pass,0,2025-03-13 16:03:10.184040,0
43470e75-2a0a-46b8-9571-618fa7f26a8d,test_case_64,1.9565191984822152,pass,0,2025-03-22 16:03:10.184058,0
57762a0a-c643-49a6-93f1-d8739b765caa,test_case_55,2.8635705665057283,fail,1,2025-03-05 16:03:10.184076,1
5d8e87a2-8e64-4af1-a057-17c79de45dff,test_case_68,5.981472246937372,pass,0,2025-03-22 16:03:10.184094,0
a80b22d9-8d4d-4502-b9df-fcb24b6729bf,test_case_10,2.6511249285409497,pass,0,2025-03-12 16:03:10.184112,0
77c3a083-3b16-44bf-96b3-ce283437602f,test_case_56,4.779352914493072,pass,0,2025-03-18 16:03:10.184134,0
17fa19ce-7a6a-4610-878c-77e2f391a06d,test_case_27,6.352867373542838,pass,0,2025-03-23 16:03:10.184153,0
181b67dc-b8f0-4600-b4b8-2e265406b669,test_case_45,4.360897489409139,pass,0,2025-03-17 16:03:10.184171,0
3b07236b-db03-4568-9132-6f1904435c13,test_case_96,8.249446963444385,pass,0,2025-03-02 16:03:10.184189,0
2bfe2782-8fd3-4a0d-94d2-235465c7f817,test_case_58,5.765493935754817,pass,0,2025-03-21 16:03:10.184207,0
3ca8eaf9-0c17-40bd-8eae-323735d138cb,test_case_40,5.469427516874524,pass,0,2025-03-05 16:03:10.184226,0
b53c5a88-4827-483b-8522-fa4c28da0774,test_case_83,6.084597331660277,pass,0,2025-03-26 16:03:10.184245,0
12f3a0aa-bc24-4b37-8235-011cb5be5b8f,test_case_18,1.4567498260803142,fail,1,2025-03-27 16:03:10.184264,0
d5b8616e-00bf-44dc-939f-cc337345cc63,test_case_36,7.408076091199117,pass,0,2025-03-22 16:03:10.184283,0
9c28faff-de3c-4b9a-a56d-c31b388ccf3f,test_case_7,8.339448973207187,pass,0,2025-03-21 16:03:10.184301,1
e7612fc4-272c-40ad-b700-1982d9d2cf02,test_case_39,5.578267809511135,fail,1,2025-03-11 16:03:10.184320,1
e322ef14-dfca-40ac-a8ce-6ac68ecb4649,test_case_100,8.930814797521188,pass,0,2025-03-12 16:03:10.184353,0
3f50a375-0af2-4f3b-bd54-ab41f8159a10,test_case_57,4.808647503783745,pass,0,2025-03-19 16:03:10.184379,0
cddb7776-a6ef-40c9-83cb-e38cf1b2f3c8,test_case_71,3.5681923608547024,pass,0,2025-03-30 16:03:10.184419,0
f5a111da-385b-41fc-8688-5e9638860f24,test_case_32,1.8397064782016763,pass,0,2025-03-11 16:03:10.184438,0
0a2ca416-8ec3-4ea8-9d86-6a64f2e7c05a,test_case_30,1.292182912389594,pass,0,2025-03-14 16:03:10.184458,0
ed147802-5abb-469e-8662-1acb54010459,test_case_82,2.25285003234532,pass,0,2025-03-20 16:03:10.184476,0
a6f17be9-7c4e-426b-903e-2ca75bd54efa,test_case_60,1.0773790787413544,pass,0,2025-03-06 16:03:10.184504,0
2bb79d75-10db-4680-aacd-fc03302f379d,test_case_28,3.259511636168652,fail,1,2025-03-14 16:03:10.184535,0
bbbe37c0-d7a7-4fa1-9f6f-d022b3f1e5a9,test_case_96,4.346450393880008,fail,2,2025-03-21 16:03:10.184554,0
abe58858-bf8b-415d-86cd-4f9e808a0dc3,test_case_16,4.214562492029086,pass,0,2025-03-29 16:03:10.184574,0
a1630fd9-4830-4c90-bd37-2346f3e447a7,test_case_41,4.472188912818903,pass,0,2025-03-03 16:03:10.184596,0
ce71579c-d79e-494a-a0f0-65e81480d27d,test_case_45,6.475440795500765,fail,2,2025-03-14 16:03:10.184626,1
102807a8-7b2a-4fec-adf3-75d1c5b536ae,test_case_30,8.188624742462904,pass,0,2025-03-13 16:03:10.184644,0
aeb17c3b-cd28-4072-98be-bdbb98cd7760,test_case_52,5.246882367576595,pass,0,2025-03-18 16:03:10.184666,0
8eb91677-0337-44ac-a6f7-dd1cfdfe3bdb,test_case_12,4.264696550186037,fail,2,2025-03-22 16:03:10.184686,0
cfb25bef-6ac1-44fa-8c68-918797bd675f,test_case_49,2.5724464633839603,pass,0,2025-03-31 16:03:10.184704,0
37478c89-b41f-4938-b784-a435a5b8234f,test_case_11,4.272417501714189,pass,0,2025-03-05 16:03:10.184722,0
bf610fad-720a-4feb-8804-33c10acb4966,test_case_42,7.387616682337452,pass,0,2025-03-13 16:03:10.184740,0
7b3da71b-b46f-494a-8c24-f024fae74199,test_case_2,2.9893365909054674,pass,0,2025-03-25 16:03:10.184758,0
a2978cd2-c70d-4499-a563-a5039d986da9,test_case_81,2.714971672642628,pass,0,2025-03-15 16:03:10.184775,0
e7efaf7c-84d0-4c46-934e-b1b4cea1f851,test_case_99,3.615979137813259,pass,0,2025-03-30 16:03:10.184793,0
3de1a905-0b96-4b74-9120-40267f77d128,test_case_10,6.060509152073621,pass,0,2025-03-22 16:03:10.184811,0
dc8db237-ab4b-4ee5-8d12-c13a61040ee6,test_case_66,6.830279718788792,pass,0,2025-03-26 16:03:10.184830,0
a2e16a17-9793-497f-8d02-99762c0b9072,test_case_86,8.997587184522951,pass,0,2025-03-04 16:03:10.184848,0
63f1f446-2fc2-4aae-a176-b82521da9318,test_case_81,2.219567986151026,pass,0,2025-03-21 16:03:10.184866,0
cc775ce9-7a7c-4692-ba15-bb94462dcf27,test_case_77,1.1349859038842949,pass,0,2025-03-23 16:03:10.184884,0
98ecd784-fcf8-42c7-9c48-95691dc9d64b,test_case_60,4.2945224521000895,pass,0,2025-03-03 16:03:10.184902,0
c3f4eb33-07ee-4a7c-b9a5-27d1cdb407a8,test_case_40,6.000989219262631,fail,0,2025-03-10 16:03:10.184921,0
32e40a88-97bb-423e-950a-8d207bd7e1ba,test_case_67,4.849041704635931,pass,0,2025-03-12 16:03:10.184938,0
a0660ffa-53f3-4ea1-81da-2ac88829bc31,test_case_28,6.64545634968148,pass,0,2025-03-10 16:03:10.184957,0
622033a2-81ac-49f7-90a5-2edaf29c92a3,test_case_69,7.368961515204853,pass,0,2025-03-27 16:03:10.184975,0
625c05c1-787a-4524-9831-293e05ac697f,test_case_21,6.141638044090295,pass,0,2025-03-04 16:03:10.185000,0
e0534fbe-6f82-4788-92d4-9ee313540a53,test_case_74,1.8709179313992144,fail,0,2025-03-23 16:03:10.185043,1
f80f7717-9036-4722-ba8f-0a1c69f90571,test_case_72,8.427527550975064,fail,1,2025-03-13 16:03:10.185063,0
097e14ae-18cc-4ac2-8dc1-5900622b4910,test_case_19,7.164274582011886,pass,0,2025-03-25 16:03:10.185083,0
b5024710-ecba-4cbf-b9a7-cd938cbfe9a9,test_case_44,2.534123602779852,pass,0,2025-03-24 16:03:10.185101,0
38d030d6-8017-411b-92e0-d84d472ceaea,test_case_46,1.357472361708699,pass,0,2025-03-06 16:03:10.185120,1
3f09c998-b2ce-4df7-b4ec-20dea3f30e18,test_case_6,7.760783761972514,pass,0,2025-03-25 16:03:10.185138,0
4f021ffd-1886-4ac9-a28f-a86369c9acdf,test_case_21,3.255410110938862,pass,0,2025-03-10 16:03:10.185156,0
4e2791bb-5f12-4538-8abc-8f2a896dbf35,test_case_65,6.215671622858923,pass,0,2025-03-14 16:03:10.185174,1
749fc19d-4b18-4d6e-87f0-b8cab0f9d060,test_case_43,4.764801178360542,pass,0,2025-03-27 16:03:10.185193,0
f6e7a583-9405-4f6a-8c7b-d81cd74928bf,test_case_47,6.160551326623912,pass,0,2025-03-19 16:03:10.185210,0
67c4f3e0-f731-4d7f-ab48-219cd837204d,test_case_30,3.8193357187921912,fail,3,2025-03-04 16:03:10.185230,1
501da7ab-0be8-4a44-8d3a-7e4861649633,test_case_33,6.675037115774042,pass,0,2025-03-16 16:03:10.185248,0
915f1df3-95d1-450e-826b-f9502e9ea979,test_case_68,1.948257786883436,pass,0,2025-03-03 16:03:10.185266,0
4646570a-86ec-410b-ae1b-88ac8ef22c55,test_case_51,5.085066183309949,fail,0,2025-03-20 16:03:10.185285,0
ead9525b-cfee-467b-af5c-0e14e5d19bea,test_case_42,3.9280778381101777,fail,2,2025-03-21 16:03:10.185307,0
8ce485ea-573b-4d8f-8c7b-a7be2f74efd9,test_case_42,5.598950372158278,pass,0,2025-03-12 16:03:10.185328,0
8e238fe4-f3f0-43a9-a1bf-e359400c460e,test_case_32,5.337040638828931,fail,3,2025-03-04 16:03:10.185370,0
bb94eccd-2b9a-4cf1-83ec-fe1b6494dd7e,test_case_59,9.062449586182552,fail,0,2025-03-30 16:03:10.185393,1
69b71f1b-1363-433f-ac39-26c2d93f33b6,test_case_100,9.832583652130614,fail,1,2025-03-28 16:03:10.185422,0
ece80d27-4cea-488d-8ebc-4e5e2d654008,test_case_81,7.228629972279429,pass,0,2025-03-10 16:03:10.185443,0
93a011ec-ae27-4165-a578-43558a9c747d,test_case_89,6.586578859656618,pass,0,2025-03-28 16:03:10.185470,0
4f7a1624-441c-4db6-ac59-6e415c4e8959,test_case_11,10.347533013464048,fail,2,2025-03-31 16:03:10.185493,1
197a09b0-54f6-42d9-a6d7-a9377834a5f7,test_case_58,3.813997663806565,fail,3,2025-03-24 16:03:10.185515,0
b3d23337-da11-4a79-a22f-cb13f300044a,test_case_96,0.5336566029263619,fail,1,2025-03-19 16:03:10.185537,0
a86a4131-4d46-4f5b-ad55-1d79c0b4ea8f,test_case_51,5.250329146846756,fail,2,2025-03-14 16:03:10.185558,0
7bd9affe-84db-41ef-b8ee-cedcd90032e7,test_case_85,6.263050151522783,pass,0,2025-03-21 16:03:10.185580,0
85f98f2e-0754-4ae7-9f3f-f61f2763b366,test_case_70,4.761827253327629,pass,0,2025-03-04 16:03:10.185601,0
6dd7bfb8-48f8-434b-8c2d-b86231cb9323,test_case_11,3.068616779636741,pass,0,2025-03-31 16:03:10.185621,0
78bf1d2a-b51a-4d2b-bd06-8cfd7e618fb2,test_case_80,4.99088366651816,pass,0,2025-03-08 16:03:10.185642,0
e11a61c8-07a1-4ea1-96b2-9a435d57d13d,test_case_96,4.487059221961896,pass,0,2025-03-05 16:03:10.185664,0
3de63a20-61ee-43bc-b26c-b0bc8ef0ed4e,test_case_3,2.1873388165055543,pass,0,2025-03-30 16:03:10.185685,0
fc9a34e3-17bc-420b-a787-c4fbbf0153fb,test_case_16,4.726148168266755,pass,0,2025-03-12 16:03:10.185707,1
3899fc1c-5ece-460d-af5c-3d87c5b7ca6a,test_case_17,5.632298555340562,fail,3,2025-03-19 16:03:10.185755,0
837a01fd-1cc4-4e00-9811-d1666a7ac21b,test_case_41,3.472697789470817,pass,0,2025-03-28 16:03:10.185776,0
0bb5042b-0c00-4d26-a976-da6dcd840712,test_case_95,7.125886580249922,fail,1,2025-03-30 16:03:10.185798,0
4eee5fd4-66fc-4b1e-b1a6-5eaef5a288b0,test_case_14,1.7751339744286492,pass,0,2025-03-08 16:03:10.185820,0
2a7beecc-211c-4c80-9a82-7dff8fcb7883,test_case_49,1.938588369497373,pass,0,2025-03-21 16:03:10.185841,0
47e6d469-f6cd-48c6-bb64-630ec918e0c5,test_case_64,4.479853280294764,fail,3,2025-03-04 16:03:10.185878,0
c89940dd-fa55-4467-b47e-d0e837bf2ad2,test_case_29,2.47382608636838,pass,0,2025-03-30 16:03:10.185906,0
24c4c903-4ceb-499f-baa0-41f221d2f85c,test_case_98,6.743620406085945,pass,0,2025-03-27 16:03:10.185926,0
68937c19-82f0-49cd-9cd7-7cc782842556,test_case_14,1.546238642845421,pass,0,2025-03-14 16:03:10.185945,0
64da51aa-b535-4d7c-a0b5-64bac7ffff64,test_case_34,7.242883214033108,pass,0,2025-03-17 16:03:10.185968,0
c13b5fa5-1bb0-4e25-962e-36601add63ab,test_case_81,5.816372509736727,pass,0,2025-03-29 16:03:10.185993,0
82576786-49a1-4bd3-834d-542caa3dce4f,test_case_15,2.485919025216491,pass,0,2025-03-02 16:03:10.186016,0
932cfcb6-4051-4914-b207-9831dd233c6e,test_case_11,4.126948372317731,pass,0,2025-03-15 16:03:10.186048,0
f689fc8f-47fd-4134-8a07-81b58d9df3c3,test_case_54,6.402906427151264,fail,1,2025-03-24 16:03:10.186069,1
f5b17c5c-f4a2-4eb7-bb95-bd216ee75ad3,test_case_9,6.340367289709138,pass,0,2025-03-03 16:03:10.186090,0
b3289984-bd02-4090-9eb2-3abf3614fbea,test_case_96,6.233715522777319,fail,1,2025-03-03 16:03:10.186111,1
174fa2c9-513c-461e-b630-b15c8c8e3b65,test_case_1,5.748263261222144,pass,0,2025-03-06 16:03:10.186132,0
3fdfcd88-cd12-4f73-a9d5-bb9c0fb648aa,test_case_35,3.857467446950567,pass,0,2025-03-05 16:03:10.186165,0
ba0cb0b5-1c8a-4199-a994-2181132ecd1c,test_case_70,6.352705237033923,pass,0,2025-03-06 16:03:10.186185,1
67718179-1efd-4010-85c7-2b53151b0e29,test_case_21,2.381928687423004,pass,0,2025-03-13 16:03:10.186205,0
1e498a7b-ac2f-40a8-be57-17d4aae5131b,test_case_30,1.951003427100058,fail,1,2025-03-30 16:03:10.186226,1
e3ac47c4-62c8-48df-984b-af6b3089709e,test_case_82,4.734964700616623,fail,1,2025-03-28 16:03:10.186248,0
913f5b83-2f3f-4efa-a5ac-baeb8f12bd2b,test_case_37,5.735426454388408,pass,0,2025-03-20 16:03:10.186268,0
cba2398b-74c5-4e23-ab2f-679244d2ca84,test_case_41,3.110843139951661,pass,0,2025-03-27 16:03:10.186287,0
fdb3330e-2cfc-47b6-a94e-8814dba78201,test_case_27,5.229985408701414,pass,0,2025-03-27 16:03:10.186307,0
ce541d9b-8b46-4666-978a-6ab29883d71a,test_case_45,4.208088486981207,fail,0,2025-03-23 16:03:10.186328,1
67345d3d-3ea2-4e56-b871-00340377e93a,test_case_2,5.572537597650896,pass,0,2025-03-20 16:03:10.186375,0
599f622e-de8b-4555-b0ae-0fa7effc2ab5,test_case_97,4.833207494739782,pass,0,2025-03-20 16:03:10.186399,0
7c6be434-f864-46fc-97f4-b16be78c6eb9,test_case_80,4.0228103135501225,fail,1,2025-03-24 16:03:10.186428,0
4621a070-fa57-4c08-bf3b-296afa5fe299,test_case_81,5.506283275725964,pass,0,2025-03-18 16:03:10.186453,0
441cda0f-cf76-43a7-80be-908f36d127db,test_case_8,1.8649120942164703,fail,0,2025-03-22 16:03:10.186476,0
175fac15-903a-42f6-b070-d3238dae23a6,test_case_89,5.346675635686317,fail,3,2025-03-04 16:03:10.186519,0
5ad38509-21f5-4c19-ac92-78206fbdade6,test_case_3,7.4343920074228285,pass,0,2025-03-30 16:03:10.186540,0
a0adfbb4-af55-4a1b-aead-aa0d7de0e9f3,test_case_79,3.6554387797563694,pass,0,2025-03-30 16:03:10.186562,0
9cda8034-6556-4b0c-aff4-712bacc46046,test_case_23,3.5714309713997685,fail,3,2025-03-31 16:03:10.186583,1
1d0478ab-9011-490d-b0a8-bf29bb8640e5,test_case_11,6.556923040303759,pass,0,2025-03-07 16:03:10.186604,0
9867f2a5-f215-4571-94ed-fe5938734eb4,test_case_91,3.714526535919688,pass,0,2025-03-28 16:03:10.186626,0
d086132c-16d9-4460-be65-ba4d76f9779d,test_case_72,5.062269685619966,pass,0,2025-03-09 16:03:10.186647,0
17f3d992-6711-4bc6-964f-ba9529457019,test_case_41,4.918369623465731,pass,0,2025-03-04 16:03:10.186669,0
8f8a81e4-43e0-4d15-b33f-1c35f2c0ac40,test_case_40,2.710862555697085,pass,0,2025-03-27 16:03:10.186690,1
c46332af-3ee3-462c-bd3a-af2fd414720e,test_case_96,8.2734485607314,fail,1,2025-03-29 16:03:10.186712,1
4d18ffcc-a169-4144-adfb-dbb7a0c3f4ef,test_case_64,6.157554942092387,pass,0,2025-03-07 16:03:10.186733,0
099c202f-09bb-4338-a820-82f938616424,test_case_24,6.634112489871882,fail,2,2025-03-28 16:03:10.186755,1
2ea3c203-4523-4400-93b6-d04eb9b37f9a,test_case_98,0.0856358372273691,pass,0,2025-03-14 16:03:10.186775,0
10c1d678-f214-44a9-999a-1fc202d59a84,test_case_80,5.429659643120271,pass,0,2025-03-23 16:03:10.186793,0
709d9fc3-7093-4b5f-bf13-bee67887d616,test_case_13,7.28172874860547,pass,0,2025-03-02 16:03:10.186819,0
28b39b44-742a-49be-b597-61291553558c,test_case_79,2.6073338222718188,fail,3,2025-03-19 16:03:10.186840,0
630daedd-c4cf-42e0-b373-81e42ab1cd7a,test_case_10,7.5876445219402,pass,0,2025-03-12 16:03:10.186859,0
aab75445-8298-4b9a-be2b-2b8431610563,test_case_84,7.100586326691301,pass,0,2025-03-21 16:03:10.186895,0
91364458-173c-4bac-98ed-4b037dc0e6a9,test_case_76,8.672756824992238,pass,0,2025-03-04 16:03:10.186921,0
c4609238-9e86-4c40-816f-4442b3b5aea2,test_case_46,9.106487536922783,pass,0,2025-03-22 16:03:10.186941,0
15f65822-14d7-4351-ab66-0e2c21e3157d,test_case_20,3.636837463482571,pass,0,2025-03-13 16:03:10.186967,0
f7e72cbd-70d3-4b91-9fe3-61679cad7ba0,test_case_94,4.606550691728164,pass,0,2025-03-29 16:03:10.186992,0
24f94020-f178-41d3-afa3-a97c37f2d880,test_case_20,2.21625268288003,pass,0,2025-03-17 16:03:10.187014,0
425af68c-e4dd-47cf-bcd1-2de138de2c2f,test_case_71,3.993004330428083,fail,2,2025-03-24 16:03:10.187035,0
971a6927-4a68-44eb-8fba-9851cb94b925,test_case_32,9.131285815717389,pass,0,2025-03-16 16:03:10.187056,0
77785f85-1376-440a-b1d3-9ca7e57f5dd3,test_case_74,3.423300842967004,pass,0,2025-03-03 16:03:10.187076,0
690c9314-129d-40a5-bdd9-576c47e41de8,test_case_27,6.466907105418568,fail,3,2025-03-09 16:03:10.187097,0
7f9ca6cd-a736-4076-bac1-2ee26630e71d,test_case_89,5.095798233980996,pass,0,2025-03-19 16:03:10.187118,0
06912747-64fc-4f2a-9494-53dc0c9c9341,test_case_81,5.787704495818698,pass,0,2025-03-19 16:03:10.187139,0
99765b68-341d-4845-895e-7d1ffba668f5,test_case_49,2.790120519777739,pass,0,2025-03-17 16:03:10.187160,0
ff187eba-8746-4fb7-81ec-b79146d42bf7,test_case_4,3.746865392403472,pass,0,2025-03-04 16:03:10.187181,0
498b3d7c-c286-4309-ba3e-e25d2e344947,test_case_77,9.927166672605043,pass,0,2025-03-23 16:03:10.187201,0
f847e03a-8a80-41b1-9f97-b64a40146c60,test_case_27,7.376632506116225,pass,0,2025-03-17 16:03:10.187222,0
df0dad67-c464-4a1e-84cd-de6b989d995f,test_case_82,4.732534804516432,pass,0,2025-03-08 16:03:10.187243,0
8da86fe4-14c0-4cc2-ad17-849579773404,test_case_73,3.522192794981632,pass,0,2025-03-28 16:03:10.187264,0
b62dae26-eaf0-4185-9ac6-5bf7663d33f1,test_case_94,8.45872390254129,fail,3,2025-03-19 16:03:10.187285,1
aee319be-abd3-4292-a54a-f837fbe255b2,test_case_3,9.204388883587209,pass,0,2025-03-16 16:03:10.187306,0
61152783-42b8-42ff-92ba-5ed92b05ff6e,test_case_51,6.51966501620929,pass,0,2025-03-01 16:03:10.187328,0
dd663582-878d-4e0a-809b-9d6fe4d34794,test_case_5,5.258634615743794,pass,0,2025-03-25 16:03:10.187368,0
e7038455-a4ca-4939-95c3-24e62de31ace,test_case_71,3.255230309134138,pass,0,2025-03-21 16:03:10.187388,0
e128460f-0131-497f-bf3c-f8dd52490a26,test_case_48,4.314719698501887,fail,0,2025-03-19 16:03:10.187412,0
ba33a944-db80-4834-bc19-e3654852220e,test_case_80,3.288867557035116,pass,0,2025-03-29 16:03:10.187431,0
214b8220-b8f2-449d-a80f-78ef5d823c0b,test_case_52,5.28694843764084,pass,0,2025-03-18 16:03:10.187454,0
9b412a7e-3d94-4287-90b6-35beb9d906d9,test_case_2,4.440398771878412,pass,0,2025-03-09 16:03:10.187473,0
76e2b1e8-01f7-4c3b-a917-e2fbe75a4452,test_case_38,8.420595293332813,pass,0,2025-03-27 16:03:10.187492,0
1ec06c2f-cd3e-4b86-9e04-8318d5ac84e7,test_case_47,5.594583974741714,pass,0,2025-03-24 16:03:10.187511,1
5535d25a-c6b2-4056-a1e4-c3c10dc5c5f8,test_case_57,6.514559064379593,pass,0,2025-03-31 16:03:10.187529,1
9779fb60-9cff-4f6b-9133-0899850613d4,test_case_69,6.483394976468094,pass,0,2025-03-29 16:03:10.187548,0
7dda458f-dbd7-499c-975d-628a43a3df62,test_case_24,3.748914430595306,pass,0,2025-03-31 16:03:10.187567,0
70bfe057-cc44-454f-ac4c-3438552066b4,test_case_75,6.331503023016884,pass,0,2025-03-27 16:03:10.187585,0
f7fdf817-c0ce-402d-a915-19e7cd3e0316,test_case_32,6.461771507785767,pass,0,2025-03-11 16:03:10.187604,0
40f4268c-eaf5-4d07-b517-9e7626e5eb92,test_case_85,4.054085501966564,pass,0,2025-03-31 16:03:10.187623,0
b5034753-8f3b-411e-a9b8-cf1b824ff702,test_case_37,3.35817532214337,pass,0,2025-03-11 16:03:10.187642,0
3da13448-61aa-44b0-bd08-a93e31959357,test_case_81,2.0130560313445085,pass,0,2025-03-24 16:03:10.187661,0
6b9a30ec-63af-4fd8-be37-4baaa9d32961,test_case_76,2.1130064435929747,fail,0,2025-03-30 16:03:10.187680,0
2eaf3b2a-121f-476d-af0d-c29aaccd0c45,test_case_90,3.7072654868285912,pass,0,2025-03-16 16:03:10.187698,1
9aeda3a7-2ff7-4a1a-bd04-d04c634365a0,test_case_83,2.349978145608133,pass,0,2025-03-31 16:03:10.187717,0
2db158f5-58d4-4530-bf4d-dc5f69ae8ce5,test_case_20,8.832622851239616,fail,3,2025-03-03 16:03:10.187735,0
6949ac39-17b3-48b2-8062-55b972a3253f,test_case_9,7.7192493347852285,pass,0,2025-03-28 16:03:10.187754,0
1d21aff8-4b36-4563-bece-d0e6764fefcb,test_case_96,6.377293889569579,fail,2,2025-03-03 16:03:10.187773,0
c3790207-5715-4629-9f76-d8c4c712d995,test_case_97,3.862425895365402,pass,0,2025-03-13 16:03:10.187792,0
e3b72b52-7455-4eb5-91d6-bdc69cf9d4cb,test_case_74,5.854991146482549,pass,0,2025-03-05 16:03:10.187810,0
923bb0e0-4ad4-4360-b57e-cac3911f17b7,test_case_12,5.255436937031323,pass,0,2025-03-14 16:03:10.187829,0
9a6c9dd3-2feb-405e-99f7-76e765a6430f,test_case_34,4.795609843894306,pass,0,2025-03-23 16:03:10.187847,0
7fa9f1c1-2043-4ce2-bba2-ac34a342549c,test_case_1,0.2486026428539611,pass,0,2025-03-02 16:03:10.187874,0
e790de52-621b-4338-8896-d4371dcc9896,test_case_76,3.532310778401297,pass,0,2025-03-12 16:03:10.187893,0
85f497eb-21d6-451d-a91d-6cb6d8529ea7,test_case_5,5.628391539736761,pass,0,2025-03-22 16:03:10.187912,0
20000794-83e9-4adf-b714-62a524fea2e8,test_case_67,2.82075809705159,fail,0,2025-03-04 16:03:10.187932,1
6c926e5e-5cd5-4bf8-8ecc-b7706ca635a1,test_case_76,3.614741869173199,pass,0,2025-03-13 16:03:10.187951,1
97dad21e-1c82-41eb-aeb5-c99c1dadc7a3,test_case_73,2.9133504954169034,pass,0,2025-03-11 16:03:10.187970,0
6b3beccb-683b-4a33-8f15-470c0fc8c993,test_case_64,6.445960581157728,pass,0,2025-03-29 16:03:10.187989,0
5da891ef-7753-4c2c-b97a-c5a8f133f53e,test_case_84,4.73436103529442,pass,0,2025-03-28 16:03:10.188008,0
5b4690a0-e035-4f06-8331-b56fccc45fd0,test_case_41,6.474579668838057,pass,0,2025-03-20 16:03:10.188033,0
935cea67-abf0-48e7-b3e3-e8485f70caff,test_case_92,3.68784585315514,fail,0,2025-03-13 16:03:10.188053,0
09fe3047-f38b-4dc1-a7c3-e67f6ded13ca,test_case_7,6.356131214170869,fail,2,2025-03-19 16:03:10.188073,0
03011b86-c99f-49de-8e06-86a5b269853c,test_case_24,5.815103212966636,pass,0,2025-03-13 16:03:10.188092,0
a29a7398-e1c8-48ee-920e-2bc28b5bd8fe,test_case_62,3.34518129306498,pass,0,2025-03-23 16:03:10.188111,0
f2684d80-0590-40ce-a6a6-ea10b19bd552,test_case_58,4.909117966569128,pass,0,2025-03-08 16:03:10.188129,0
b9aedf2b-7a2c-4ec3-86fe-822ebb20a8b7,test_case_37,7.665158169613304,pass,0,2025-03-26 16:03:10.188148,0
451618de-01d3-46db-bafb-85ea7851c528,test_case_80,6.811620005633664,fail,0,2025-03-17 16:03:10.188168,1
227ae4ab-b9c6-421a-8ec2-8ebb9edfaf4d,test_case_79,6.3665390411303004,pass,0,2025-03-11 16:03:10.188186,0
b0dd712e-75e2-48a8-9450-2388c521e550,test_case_98,5.139944520447665,fail,0,2025-03-14 16:03:10.188209,0
dfbe9e1a-0cb7-484f-a91a-9ac3f22c9589,test_case_55,8.270856654304344,pass,0,2025-03-22 16:03:10.188228,0
349066ba-9ead-428b-a1db-43f8e86cd608,test_case_74,0.0434958370751763,pass,0,2025-03-03 16:03:10.188247,0
c95ea489-8516-4aa9-9c17-f00a612f10bf,test_case_15,0.2954292471694808,pass,0,2025-03-07 16:03:10.188266,0
03358cc5-6cfd-49bf-83e1-a7b3621b6ff9,test_case_35,3.9167464973493313,pass,0,2025-03-07 16:03:10.188289,0
c10005ad-ae0e-4d4d-b568-9ebd804589c2,test_case_10,6.481342957485358,pass,0,2025-03-30 16:03:10.188308,0
3562f778-7e09-4712-8047-34c265f2894e,test_case_4,4.6223878347974665,pass,0,2025-03-11 16:03:10.188326,0
23155010-f885-4201-b800-14580a173a08,test_case_20,4.828084507706464,pass,0,2025-03-31 16:03:10.188366,0
77a2672e-29fe-4b13-ade7-6bc630b4c898,test_case_56,1.5406527115942787,fail,3,2025-03-27 16:03:10.188406,1
fe737c5e-73ef-43fe-9201-7a16524bf87d,test_case_4,5.794575837273664,pass,0,2025-03-27 16:03:10.188429,0
d1dd7a12-215d-43bb-9e6e-8dcc3d2d037c,test_case_11,3.3136349099726585,pass,0,2025-03-02 16:03:10.188447,0
44101008-ae4e-4d49-a63c-1c2c8f1ea7e0,test_case_70,3.2275283157311287,pass,0,2025-03-24 16:03:10.188466,0
501d9a46-76dc-4149-b517-7a8c7e465cec,test_case_42,6.106158430168735,pass,0,2025-03-13 16:03:10.188485,0
0edf3f20-6e12-46e4-83a9-9fa5db76ccb7,test_case_26,0.0606302135327183,pass,0,2025-03-08 16:03:10.188504,1
4967f72c-d2e5-46e1-9c7c-7ffdb5c69dff,test_case_36,3.216394389703072,pass,0,2025-03-20 16:03:10.188522,0
05f093ad-169e-4df4-93c2-1cacc9356fa9,test_case_95,3.8415415219447127,pass,0,2025-03-28 16:03:10.188541,0
990a4885-6fa0-4c42-9a54-e15324048148,test_case_65,5.709933809411631,pass,0,2025-03-01 16:03:10.188560,0
4e1a3409-0af9-4f16-9b7b-65f5e007acab,test_case_72,7.195838867023529,pass,0,2025-03-23 16:03:10.188579,0
d5ed480e-bc66-45bd-82f2-ef31e1df7de4,test_case_33,7.812233884283392,pass,0,2025-03-20 16:03:10.188598,0
78017e89-0d3d-492a-ba05-3bf85158f2d9,test_case_85,5.322772856257082,pass,0,2025-03-16 16:03:10.188616,1
1c6ce650-e224-42c5-93e4-789b0ce6f016,test_case_23,6.136295299561899,fail,0,2025-03-18 16:03:10.188635,0
b5360e5b-8540-469e-bd2e-35f96eb7c7c2,test_case_22,5.007148777060003,pass,0,2025-03-26 16:03:10.188653,0
805f7d20-27cc-43d0-907a-9614271ae14a,test_case_58,1.817754199157141,pass,0,2025-03-05 16:03:10.188671,0
7cbfeb2a-eecb-4845-8c03-2dc9c9b32aa8,test_case_16,9.365277890241298,pass,0,2025-03-30 16:03:10.188689,0
cf76ca00-95ee-4aa7-9da0-2c6881c988f3,test_case_44,7.116443685272101,pass,0,2025-03-25 16:03:10.188707,0
dca1cbaa-1a08-433c-ade1-68951417b083,test_case_20,3.29169155672735,pass,0,2025-03-03 16:03:10.188731,0
efab59c7-ccb4-44a3-bfdb-c8e330f3886a,test_case_90,7.305621155436722,pass,0,2025-03-10 16:03:10.188751,0
2b78d400-a189-49fe-9e34-79f62dc11380,test_case_17,5.290560377084858,fail,1,2025-03-23 16:03:10.188770,1
04c41cc1-8a1a-481c-99bd-3cffc52452a9,test_case_44,5.544415560070267,pass,0,2025-03-23 16:03:10.188788,0
3c082504-38ff-44b1-a283-b5a9733abe7e,test_case_48,5.17442943037171,pass,0,2025-03-17 16:03:10.188807,0
24765b11-1da1-4693-8e7d-dea793ee8bf5,test_case_94,5.481529337759162,fail,2,2025-03-10 16:03:10.188825,1
62d8ee23-106b-4cda-9301-0c7fa7a191e2,test_case_33,4.317144244630116,fail,1,2025-03-20 16:03:10.188844,0
f4e5ac9d-102c-4dc9-b696-aaea0e893984,test_case_91,4.921323292436543,pass,0,2025-03-10 16:03:10.188863,0
bbc7304f-bc19-4a51-b206-0e5713d58faa,test_case_47,1.7685715304040324,pass,0,2025-03-30 16:03:10.188882,0
89679c36-beac-438b-b2bb-25d89514ca7b,test_case_7,5.06642376384453,pass,0,2025-03-07 16:03:10.188900,0
21d5e0f0-afd8-4546-ab20-b7e5d6a516f5,test_case_69,2.3290983288818867,fail,1,2025-03-31 16:03:10.188920,1
6fb9def4-5add-4559-aad7-dce49f6aba0b,test_case_11,4.016358125243929,pass,0,2025-03-12 16:03:10.188938,0
0140194b-102c-4219-995e-6dd57abdbc49,test_case_6,5.317614445344239,pass,0,2025-03-09 16:03:10.188957,0
18b4f3f8-0700-4373-850e-06c5b9660d17,test_case_15,5.468208629105157,pass,0,2025-03-11 16:03:10.188976,0
c683f49a-032c-4690-b4db-f4b8089e4628,test_case_60,7.546855274820426,pass,0,2025-03-26 16:03:10.188995,0
b13cc663-a3c8-4998-91f8-b710aa1abfe2,test_case_15,5.48118644019222,pass,0,2025-03-03 16:03:10.189013,0
014fda6e-7626-46aa-9da5-9be760c79d47,test_case_59,4.447972427004523,pass,0,2025-03-30 16:03:10.189036,0
8ef78436-489e-4f20-8d56-828738d72f06,test_case_43,3.666045443969238,pass,0,2025-03-26 16:03:10.189055,0
397ff75a-3656-4721-97e6-f38851e887b4,test_case_100,5.324355042429122,pass,0,2025-03-21 16:03:10.189074,0
b3870679-65ac-41b8-bc1a-f88029a2a4a7,test_case_60,6.393290389051161,pass,0,2025-03-29 16:03:10.189092,0
1364e82f-452e-44bf-b282-85c9e1034221,test_case_2,4.335809291899981,fail,0,2025-03-22 16:03:10.189111,0
01065824-931e-4318-a1e6-4508d6da79f7,test_case_56,6.604360280354259,pass,0,2025-03-23 16:03:10.189134,0
bf7c940d-0c6e-4821-a220-7e15a1640ac8,test_case_89,6.392408115938292,fail,3,2025-03-25 16:03:10.189154,0
9baa9755-bcd9-4004-8e18-135b06e12a8d,test_case_99,4.735506305090864,pass,0,2025-03-22 16:03:10.189172,0
3f1b600d-6901-409c-91a7-ce05bf40805f,test_case_31,7.351653487070255,fail,1,2025-03-02 16:03:10.189191,0
44095d2d-37c2-4e9c-9986-56497b7c7be5,test_case_61,9.159849398697904,pass,0,2025-03-18 16:03:10.189209,0
547e2ab6-5814-44f9-9720-e46a9f842ec7,test_case_81,4.991180907601667,pass,0,2025-03-15 16:03:10.189228,0
738c21ee-80c8-4ca1-b19c-a1d7bed8123b,test_case_16,2.776580882898689,pass,0,2025-03-08 16:03:10.189246,0
fb42010d-cc90-46ff-bcd0-040ae817e95e,test_case_42,2.978838387690021,pass,0,2025-03-25 16:03:10.189265,0
aa5f3376-562a-4d3c-822d-e8d93ac41882,test_case_50,3.592379616392089,pass,0,2025-03-25 16:03:10.189283,0
9badd2e4-5ae4-475a-aeec-a3dcaed3a812,test_case_97,2.4391108415365417,pass,0,2025-03-17 16:03:10.189301,0
8daa792b-12b9-480c-9e13-55a9a512b277,test_case_4,6.713473597149711,pass,0,2025-03-25 16:03:10.189319,0
8dae3d5f-f8a7-442b-95fe-b3387ae05dd7,test_case_24,5.446661242316089,pass,0,2025-03-20 16:03:10.189359,0
9d30a364-410a-4887-b0bc-f4df26b3d28e,test_case_71,6.153092260113084,fail,3,2025-03-16 16:03:10.189386,1
b35c84a0-474d-4089-a9aa-5332cc788174,test_case_97,3.977551776319957,pass,0,2025-03-14 16:03:10.189411,0
70ced6f9-2780-4c16-80a8-eb61ee0f13e4,test_case_49,8.616700573293723,fail,1,2025-03-27 16:03:10.189435,0
2e6113c1-e232-4200-b7b1-0f186c086836,test_case_92,9.655880639830963,pass,0,2025-03-22 16:03:10.189455,0
7c6a40bc-e539-43f3-bf7c-b277cd1a2cf1,test_case_10,3.0187643584943205,pass,0,2025-03-08 16:03:10.189475,0
4fefe99c-bee8-403e-9d47-24dba34dfe9c,test_case_49,4.346776430722595,pass,0,2025-03-24 16:03:10.189495,0
d768575e-e702-4436-af80-e9ca32c23c70,test_case_55,6.278010474977616,pass,0,2025-03-27 16:03:10.189513,0
1cc3ce33-4338-49b1-907e-d4d98f3af33c,test_case_61,4.274831680539637,pass,0,2025-03-05 16:03:10.189531,0
a6181152-7b3c-4d89-9fea-943e85cea9ae,test_case_93,3.1272288294645776,pass,0,2025-03-29 16:03:10.189550,0
2cb8fd4b-2dcf-434b-8342-2a446254b857,test_case_93,1.1593601140201657,pass,0,2025-03-29 16:03:10.189570,0
22f8b45c-59e1-4039-9258-8fbc59d157e1,test_case_91,3.5767847113336653,pass,0,2025-03-16 16:03:10.189593,0
73aff2be-a233-48a9-80b6-9c9ca6687bb4,test_case_78,3.068175640813488,pass,0,2025-03-12 16:03:10.189613,0
7965bbe7-b1c0-43a6-a480-0aabbe736dd3,test_case_64,1.9045462715836967,pass,0,2025-03-21 16:03:10.189632,0
e54f54fa-de20-4983-b6b6-168bb6c3f541,test_case_32,7.362877282642543,pass,0,2025-03-26 16:03:10.189651,0
f954d153-749b-47e8-bce7-aef6d24c1363,test_case_92,5.036545446438852,pass,0,2025-03-01 16:03:10.189669,0
9676e43b-3225-490b-b779-f37f7078a719,test_case_71,6.001713236849611,pass,0,2025-03-28 16:03:10.189688,0
2645900f-0f05-46d6-b053-453e73c8e262,test_case_26,4.319715832901947,pass,0,2025-03-02 16:03:10.189707,0
b722f7cd-f86a-4753-8b0f-848bddb4b6d3,test_case_30,3.263262756829878,pass,0,2025-03-31 16:03:10.189726,0
e4d9c199-98e6-4c06-9984-380e3ae788d3,test_case_27,6.998264301628772,pass,0,2025-03-13 16:03:10.189745,0
0707a9fb-ff17-4b3e-b968-c815dc199a65,test_case_92,5.075054666840285,pass,0,2025-03-30 16:03:10.189765,1
fff9ff3f-9ccc-4928-93ab-b1a9d432369e,test_case_45,6.819630660359607,fail,1,2025-03-13 16:03:10.189784,0
01dd0263-1d6f-4625-b2d9-ac582b777d68,test_case_82,3.8078142951615743,pass,0,2025-03-28 16:03:10.189804,0
ff31acf1-3331-4c4f-a269-57ab8da48d5b,test_case_79,6.850459166424021,pass,0,2025-03-15 16:03:10.189823,0
34de861c-11be-44f1-82a2-81d69cf03b43,test_case_27,5.186040077264633,pass,0,2025-03-02 16:03:10.189842,0
b2b1762e-96ad-4e4d-bb8b-0fff283ec761,test_case_21,2.821450608636934,fail,2,2025-03-07 16:03:10.189862,1
bb3633df-9ad9-4fab-9a3e-9f3eda13fff4,test_case_81,7.681276574585298,pass,0,2025-03-14 16:03:10.189881,0
6c17cf31-83d3-47a0-846d-770014759cc3,test_case_95,7.513368815927837,fail,0,2025-03-22 16:03:10.189899,0
1fe390cb-1440-438c-a837-0f519a9aea30,test_case_60,8.554795248647036,pass,0,2025-03-20 16:03:10.189922,0
17ef7139-4141-4044-af75-85105ce7ceed,test_case_22,7.521212894471763,pass,0,2025-03-23 16:03:10.189942,0
37e56a6d-3532-480f-b6bd-2faf0ccf142f,test_case_20,5.893863747510017,pass,0,2025-03-09 16:03:10.189961,0
9fc88a03-ae81-4932-9fea-af4a41eb4845,test_case_84,4.819188834724809,pass,0,2025-03-31 16:03:10.189980,0
fbef0e29-2520-4efe-8010-6a71ac49e7d1,test_case_10,4.2221957632657565,pass,0,2025-03-02 16:03:10.190001,0
e6af429a-e266-4abb-a0e7-50e3dc2891b0,test_case_88,5.502948510720222,pass,0,2025-03-31 16:03:10.190021,0
3126a7b3-6c8f-479a-8783-5d7b5f1b16f0,test_case_17,4.785225969891791,pass,0,2025-03-16 16:03:10.190039,0
bf1665d5-565c-4160-b391-f5ae81af073b,test_case_81,7.261904403538416,fail,3,2025-03-12 16:03:10.190063,0
6cc1de47-d358-4d61-aae8-6a9967500c83,test_case_85,7.1239403694705805,pass,0,2025-03-05 16:03:10.190083,0
45007a78-db3f-4033-b20f-046e4cf244ff,test_case_100,5.382467624970681,pass,0,2025-03-21 16:03:10.190102,0
31e7ed03-65f3-4416-a637-90210264958f,test_case_2,8.236272686994338,pass,0,2025-03-28 16:03:10.190122,0
13e6be79-823d-415a-9e0a-231a0e462aa6,test_case_29,7.708427128542537,fail,1,2025-03-04 16:03:10.190141,1
3f9a2696-79ea-45dc-bdc4-2674c932dcb8,test_case_50,7.075605622956623,pass,0,2025-03-06 16:03:10.190159,0
b210f50a-8d9d-444d-8cab-b0969612dfa5,test_case_49,5.133591773766176,pass,0,2025-03-19 16:03:10.190178,0
421bff46-c5a3-4b01-a16c-5ecfe8fc3911,test_case_61,7.78681825362969,pass,0,2025-03-07 16:03:10.190197,0
81dfa670-ea48-4298-8e0b-72ee40ad4813,test_case_81,6.6017215488662,fail,3,2025-03-08 16:03:10.190217,0
5f6eca93-b5b4-4d8f-a930-1dedba514710,test_case_74,8.709679115258801,pass,0,2025-03-12 16:03:10.190236,1
3ac6c8cc-344e-40c2-a436-73452414538a,test_case_78,4.2108208354084695,pass,0,2025-03-12 16:03:10.190254,0
e6c0f365-d4f2-46ab-8020-9cd2a8449fe6,test_case_26,4.538049674706117,pass,0,2025-03-09 16:03:10.190273,0
70c1aa67-f88e-4a7c-806f-892a6e1befb1,test_case_50,3.95163867964909,pass,0,2025-03-22 16:03:10.190292,1
2b19508f-16b5-42dc-9fa8-f3d443a6a379,test_case_44,2.2640799552864204,pass,0,2025-03-01 16:03:10.190311,0
2b55a23f-0d4d-4a4e-8b65-0b397a3e195f,test_case_63,0.2907734365267593,pass,0,2025-03-25 16:03:10.190330,0
16ad584f-077e-443d-ae4a-766eda75f338,test_case_67,0.7311399947771582,pass,0,2025-03-09 16:03:10.190374,0
ad409021-ba1e-4331-950a-79aee2d0787a,test_case_31,2.044357342513192,pass,0,2025-03-22 16:03:10.190396,0
cd6d9b3f-e7b1-4454-8e44-96ca9863562d,test_case_46,5.606112791370263,pass,0,2025-03-07 16:03:10.190416,0
b6550694-9073-4843-b3f6-bead42d507cc,test_case_52,7.823075635068765,pass,0,2025-03-05 16:03:10.190461,0
5d1e830a-3cf2-4fc7-8e1d-4f67ebc27436,test_case_53,4.056660771015006,fail,2,2025-03-07 16:03:10.190487,1
319442db-65f9-4793-b480-5124a3983a7e,test_case_5,2.390994141376878,pass,0,2025-03-22 16:03:10.190507,0
0f9f25ff-437f-4930-b31e-981fabed637a,test_case_32,4.747159347592736,fail,0,2025-03-13 16:03:10.190527,0
01a735e9-0fcb-40cc-81eb-8e71b624916a,test_case_7,7.46712076072914,pass,0,2025-03-06 16:03:10.190546,0
afb70eb2-6673-407f-92d4-5af73c19fa03,test_case_68,3.218377711099449,pass,0,2025-03-12 16:03:10.190566,0
1b3a8591-296a-4b80-b4c2-2ea95cd2accf,test_case_28,4.918087479330262,fail,1,2025-03-13 16:03:10.190586,1
